subgroup,n_records,n_entities,precision,recall,f1,f1_ci_low,f1_ci_high,small_sample,group_type
short,1334,1614,0.9149453219927096,0.9330855018587361,0.9239263803680982,0.9128691596612263,0.9342605943336085,False,length_group
long,1166,1615,0.7856746252082176,0.8761609907120743,0.8284543325526932,0.8101404815086924,0.8451753797352528,False,length_group
Shirts & Tops,1490,1832,0.8804679552390641,0.9448689956331878,0.9115323854660348,0.9000459553443848,0.9226916055818767,False,category
Dresses,759,1114,0.8116063919259883,0.8662477558348295,0.8380373425966131,0.818410091552681,0.8622925940002191,False,category
Skirts,95,121,0.8148148148148148,0.7272727272727273,0.7685589519650655,0.6983244851086261,0.831695795485033,False,category
Pants,65,68,0.8985507246376812,0.9117647058823529,0.9051094890510949,0.8465707434052758,0.9624060150375939,False,category
Wedding & Bridal Party Dresses,29,32,0.5333333333333333,0.75,0.6233766233766235,0.5191744015632633,0.7246376811594203,True,category
Shorts,23,23,0.9565217391304348,0.9565217391304348,0.9565217391304348,0.8695652173913043,1.0,True,category
Coats & Jackets,20,20,0.5833333333333334,0.7,0.6363636363636365,0.43726086956521737,0.7906976744186046,True,category
Baby & Toddler Dresses,19,19,0.6521739130434783,0.7894736842105263,0.7142857142857143,0.5652173913043478,0.8571428571428571,True,category
1-5 words,128,138,0.9477611940298507,0.9202898550724637,0.9338235294117647,0.9001417121463788,0.9637681159420289,False,length_bin
6-13 words,1206,1476,0.9120370370370371,0.9342818428184282,0.9230254350736279,0.9091658257652203,0.9331386406923958,False,length_bin
14-40 words,818,1080,0.8398637137989778,0.912962962962963,0.8748890860692102,0.8576525280476581,0.890583999673139,False,length_bin
41+ words,348,535,0.6842105263157895,0.8018691588785046,0.7383820998278829,0.7063222849262002,0.7682325512701494,False,length_bin
